{
  "project_info": {
    "project_number": "627683422315",
    "firebase_url": "https://chat-2-u-default-rtdb.asia-southeast1.firebasedatabase.app",
    "project_id": "chat-2-u",
    "storage_bucket": "chat-2-u.appspot.com"
  },
  "client": [
    {
      "client_info": {
        "mobilesdk_app_id": "1:627683422315:android:8ba1f944f489b8dd4e812e",
        "android_client_info": {
          "package_name": "com.example.myapplication"
        }
      },
      "oauth_client": [
        {
          "client_id": "627683422315-4r6u2hu4aa4oe3atkkbq852u7napj2ie.apps.googleusercontent.com",
          "client_type": 3
        }
      ],
      "api_key": [
        {
          "current_key": "AIzaSyABn4XIE4GrY7fGd3Nd_1kqQha3XKuhH1M"
        }
      ],
      "services": {
        "appinvite_service": {
          "other_platform_oauth_client": [
            {
              "client_id": "627683422315-4r6u2hu4aa4oe3atkkbq852u7napj2ie.apps.googleusercontent.com",
              "client_type": 3
            }
          ]
        }
      }
    }
  ],
  "configuration_version": "1"
}